Account ID,Org Name,D-A1 Number of drinking water networks,D-A1 Reason not available,D-A1 Comments,D-A2 Number of drinking water treatment plants,D-A2 Reason not available,D-A2 Comments,D-A3 Number of reservoirs,D-A3 Reason not available,D-A3 Comments,D-A4 Number of pump stations,D-A4 Reason not available,D-A4 Comments,D-A1 to D-A4 Data confidence,D-EH5 Water imported from other suppliers (m3/year),D-EH5 Reason not available,D-EH5 Comments,D-EH6 Water exported to other suppliers (m3/year),D-EH6 Reason not available,D-EH6 Comments,D-EH5 to D-EH6 Data confidence,D-R1 Median time to attend urgent fault (hours),D-R1 Reason not available,D-R1 Comments,D-R2 Median time to attend non-urgent fault (hours),D-R2 Reason not available,D-R2 Comments,D-R3 Median time to resolve urgent fault (hours),D-R3 Reason not available,D-R3 Comments,D-R4 Median time to resolve non-urgent fault (hours),D-R4 Reason not available,D-R4 Comments,D-R1 to D-R4 Data confidence,D-R5 Number of planned interruptions,D-R5 Reason not available,D-R5 Comments,D-R6 Number of third-party incidents,D-R6 Reason not available,D-R6 Comments,D-R7 Number of unplanned interruptions,D-R7 Reason not available,D-R7 Comments,D-R8 Urban connections with unplanned interruption >8hrs,D-R8 Reason not available,D-R8 Comments,D-R5 to D-R8 Data confidence,D-R9.1 % of pipes with condition grading,D-R9.1 Reason not available,D-R9.1 Data confidence,D-R9.2 Pipe condition grading methodology,D-R9.2 Reason not available,D-R9.2 Data confidence,D-R10 % pipes in poor or very poor condition,D-R10 Reason not available,D-R10 Comments,D-R10 Data confidence,D-R12 Average age of water pipes (years),D-R12 Reason not available,D-R12 Comments,D-R12 Data confidence,D-R13.1 % above-ground assets with condition grading,D-R13.1 Reason not available,D-R13.1 Data confidence,D-R13.2 Above-ground asset grading methodology,D-R13.2 Reason not available,D-R13.2 Data confidence,D-R14 % above-ground assets in poor or very poor condition,D-R14 Reason not available,D-R14 Comments,D-R14 Data confidence,D-R19 Days when water restrictions applied (days),D-R19 Reason not available,D-R19 Comments,D-R20 % of connections affected by water restrictions,D-R20 Reason not available,D-R20 Comments,D-R19 to D-R20 Data confidence,D-R21 Adopted FENZ Code of Practice (SNZ PAS 4509:2008)?,D-R21 Reason not available,D-R21 Comments,D-R22 % of fire hydrants tested in previous 5 years,D-R22 Reason not available,D-R22 Comments,D-R21 to D-R22 Data confidence,D-RE5 Water conservation education programme in place?,D-RE5 Reason not available,D-RE5 Comments,D-RE6 Number of residential connections with water meters,D-RE6 Reason not available,D-RE6 Comments,D-RE7 Number of non-residential connections with water meters,D-RE7 Reason not available,D-RE7 Comments,D-RE8 Number of abstraction points with water meters,D-RE8 Reason not available,D-RE8 Comments,D-RE9 Abstraction meter calibration frequency (years),D-RE9 Reason not available,D-RE9 Comments,D-RE10 Number of abstraction meters on telemetry,D-RE10 Reason not available,D-RE10 Comments,D-RE11 Days with complete telemetry dataset (days),D-RE11 Reason not available,D-RE11 Comments,D-RE5 to D-RE11 Data confidence,D-RE12 Electricity use (kWh/year),D-RE12 Reason not available,D-RE12 Comments,D-RE13 Energy use from other fuels (GJ/year),D-RE13 Reason not available,D-RE13 Comments,D-RE14 Energy generated (kWh/year),D-RE14 Reason not available,D-RE14 Comments,D-RE12 to D-RE14 Data confidence,D-RE15 Recycled water to residential customers (m3/year),D-RE15 Reason not available,D-RE15 Comments,D-RE16 Recycled water to non-residential customers (m3/year),D-RE16 Reason not available,D-RE16 Comments,D-RE17 Recycled water to managed aquifer recharge (m3/year),D-RE17 Reason not available,D-RE17 Comments,D-RE18 Urban stormwater reused in network (m3/year),D-RE18 Reason not available,D-RE18 Comments,D-RE15 to D-RE18 Data confidence,D-RL1 Critical assets assessment undertaken?,D-RL1 Reason not available,D-RL1 Comments,D-RL1a Data confidence,D-RL1b Data confidence,D-RL2 Emergency response plan developed?,D-RL2 Reason not available,D-RL2 Comments,D-RL3 Business continuity plan developed?,D-RL3 Reason not available,D-RL3 Comments,D-RL4 Date emergency response plan last reviewed (dd/mm/yyyy),D-RL4 Reason not available,D-RL4 Comments,D-RL5 Date business continuity plan last reviewed (dd/mm/yyyy),D-RL5 Reason not available,D-RL5 Comments,D-RL6 Date emergency response exercise last conducted (dd/mm/yyyy),D-RL6 Reason not available,D-RL6 Comments,D-RL7 Date BCP exercise last conducted (dd/mm/yyyy),D-RL7 Reason not available,D-RL7 Comments,D-RL2 to D-RL7 Data confidence,D-RL8 Strategic plan for future water supply demand?,D-RL8 Reason not available,D-RL8 Comments,D-RL8 Data confidence,D-RL9 Days outdoor water use restricted (days),D-RL9 Reason not available,D-RL9 Comments,D-RL10 Days outdoor water use banned (days),D-RL10 Reason not available,D-RL10 Comments,D-RL11 Were other water restrictions imposed?,D-RL11 Reason not available,D-RL11 Comments,D-RL9 to D-RL11 Data confidence,D-ES1.1 Capex to meet additional demand ($),D-ES1.1 Reason not available,D-ES1.2 Capex to replace or improve existing assets ($),D-ES1.2 Reason not available,D-ES2 Total operating expenditure ($),D-ES2 Reason not available,D-ES2 Comments,D-ES1.1 to D-ES2 Data confidence,D-ES3 Forecast capex next year ($),D-ES3 Reason not available,D-ES3 Comments,D-ES4 Forecast opex next year ($),D-ES4 Reason not available,D-ES4 Comments,D-ES3 to D-ES4 Data confidence,D-ES5 Total revenue received ($),D-ES5 Reason not available,D-ES5 Comments,D-ES5 Data confidence
ACC-00008585,Ashburton District Council,10,,,13,,,57,,,2,,,,0,,,0,,,,0.59,,,22.32,,,2.45,,,32.16,,,,45,,,8,,,74,,,0,,,,100,,,Desktop assessment,,,15.08,,,,33.85,,,,,Data Not Available,,,Data Not Available,,,Data Not Available,,,365,,,1,,,,Yes,,,19,,,,Yes,,,3133,,,1864,,,19,,,10,,,15,,,182,,,,2692062,,,1716,,,,Measure Not Applicable,,,,Measure Not Applicable,,,Measure Not Applicable,,,Measure Not Applicable,,,Measure Not Applicable,,,Yes,,,,,Yes,,,Yes,,,12/03/2025 0:00,,,17/03/2020 0:00,,,,Data Not Available,,,Data Not Available,,,Yes,,,,365,,,0,,,Yes,,,,0,,7289000,,7289000,,,,8544000,,,5903000,,,,8965000,,,
ACC-00008580,Auckland Council,15,,,12,3 are connected to the watercare network where we just store water before network,,15,,,0,,,5 - Highly Reliable,3230000,,,0,,,5 - Highly Reliable,4,,,72,,,48,,,48,,,3 - Less Reliable,0,,,0,,,0,,,0,,,5 - Highly Reliable,100,,5 - Highly Reliable,Other (Please identify in the comments section),"we have a planned CAPEX programme based on known age, risk, and reactive cost",5 - Highly Reliable,15,,,4 - Reliable,40,,,3 - Less Reliable,100,,4 - Reliable,Asset management information system,,4 - Reliable,5,,,4 - Reliable,0,,,0,,,5 - Highly Reliable,No,Measure Not Applicable,,0,Measure Not Applicable,,5 - Highly Reliable,Yes,"This is done through our drought program, as well at Watercare Level.",,0,,,0,,,15,,,5,,,10,,,8,,,5 - Highly Reliable,,Measure Not Applicable,,,Measure Not Applicable,,,Measure Not Applicable,,5 - Highly Reliable,,Measure Not Applicable,,,Measure Not Applicable,,,Measure Not Applicable,,,Measure Not Applicable,,5 - Highly Reliable,Yes,,,5 - Highly Reliable,,Yes,,,Yes,,,1/12/2024 0:00,,,1/12/2024 0:00,,,,Data Not Available,,,Data Not Available,,5 - Highly Reliable,Yes,,,5 - Highly Reliable,0,,,0,,,No,,,5 - Highly Reliable,0,,20000000,,10000000,,,5 - Highly Reliable,20000000,,,10000000,,,5 - Highly Reliable,0,"Auckland council/Healthy waters does not receive Revenue for their supplies, as they are regional parks",,5 - Highly Reliable
ACC-00008498,Buller District Council,7,,,4,,,6,,,1,,,5 - Highly Reliable,,Measure Not Applicable,,800,,,3 - Less Reliable,0.24,,,0.78,,,0.41,,,1.28,,,4 - Reliable,5,,,0,,,3,,,1,,,4 - Reliable,95.68,,4 - Reliable,Desktop assessment,,4 - Reliable,6.55,,,4 - Reliable,39,,,4 - Reliable,99.5,,4 - Reliable,Desktop assessment,,4 - Reliable,1,,,4 - Reliable,85,,,1,,,4 - Reliable,No,,,77,,,4 - Reliable,Yes,,,58,Data Not Available,,132,,,6,,,0,,,4,,,65,,,3 - Less Reliable,304085,,,0,Data Not Available,,0,Data Not Available,,4 - Reliable,0,Measure Not Applicable,,0,Measure Not Applicable,,0,Measure Not Applicable,,0,Measure Not Applicable,,5 - Highly Reliable,Yes,,,4 - Reliable,,Yes,,,No,,,1/05/2025 0:00,,,,Measure Not Applicable,,,Measure Not Applicable,,,Measure Not Applicable,,4 - Reliable,No,,,5 - Highly Reliable,2,,,83,,,Yes,,,4 - Reliable,,Measure Not Applicable,3080488,,5091290,,,5 - Highly Reliable,3424172,,,4585609,,,5 - Highly Reliable,4460356,,,5 - Highly Reliable
ACC-00001075,Carterton District Council,1,,,2,,,6,,,1,,,5 - Highly Reliable,154576,,,0,,,5 - Highly Reliable,2.49,,,3.83,,,2.49,,,38.94,,,5 - Highly Reliable,5,,,1,,,3,,,0,,,4 - Reliable,73,,4 - Reliable,Desktop assessment,,4 - Reliable,21,,,4 - Reliable,32,,,4 - Reliable,100,,4 - Reliable,Desktop assessment,,4 - Reliable,4,,,4 - Reliable,0,,,0,,,4 - Reliable,No,,,100,,,4 - Reliable,Yes,,,3042,,,230,,,5,,,5,,,5,,,365,,,4 - Reliable,60458,,,0,,,0,,,5 - Highly Reliable,0,,,0,,,0,,,0,,,4 - Reliable,Yes,,,4 - Reliable,,Yes,,,Yes,,,23/07/2023 0:00,,,15/07/2024 0:00,,,19/09/2019 0:00,,,19/09/2019 0:00,,,3 - Less Reliable,Yes,,,3 - Less Reliable,217,,,0,,,No,,,5 - Highly Reliable,60796,,4534750,,2025769,,,4 - Reliable,4175000,,,1983142,,,4 - Reliable,2497239,,,4 - Reliable
ACC-00001635,Central Hawke's Bay District Council,5,,,6,,,41,,,9,,,4 - Reliable,0,,,0,,,5 - Highly Reliable,0.3,,,0.8,,,1.9,,,6,,,4 - Reliable,47,,,17,,,53,,,0,,,4 - Reliable,100,,5 - Highly Reliable,Desktop assessment,,5 - Highly Reliable,3,,,2 - Uncertain,36,,,3 - Less Reliable,100,,1 - Very Uncertain,Desktop assessment,,5 - Highly Reliable,1,,,1 - Very Uncertain,216,,,100,,,5 - Highly Reliable,No,,,62,,,5 - Highly Reliable,Yes,,,1134,,,254,,,13,,,5,,,13,,,365,,,3 - Less Reliable,408528,,,,Data Not Available,,,Data Not Available,,3 - Less Reliable,0,,,0,,,0,,,0,,,5 - Highly Reliable,Yes,,,4 - Reliable,,No,,,No,,,,Data Not Available,,,Data Not Available,,,,,,Data Not Available,,5 - Highly Reliable,Yes,,,5 - Highly Reliable,216,,,0,,,Yes,,,4 - Reliable,200000,,4286592,,5314539,,,4 - Reliable,11348912,,,6067945,,,4 - Reliable,5682997,,,4 - Reliable
ACC-00008538,Central Otago District Council,8,,,8,,,75,,,12,,,5 - Highly Reliable,0,,,0,,,5 - Highly Reliable,3.11,,,24.72,,,20,,,23.25,,,5 - Highly Reliable,28,,,5,,,115,,,1,,,5 - Highly Reliable,100,,3 - Less Reliable,Other (Please identify in the comments section),,3 - Less Reliable,5,,,3 - Less Reliable,28,,,4 - Reliable,100,,3 - Less Reliable,Other (Please identify in the comments section),,3 - Less Reliable,2,,,3 - Less Reliable,97,,,19,,,3 - Less Reliable,No,,,20,,,3 - Less Reliable,No,,,9394,,,1496,,,14,,,5,,,9,,,365,,,3 - Less Reliable,2194860,,,0,,,0,,,3 - Less Reliable,0,,,0,,,0,,,0,,,5 - Highly Reliable,Yes,,,5 - Highly Reliable,,Yes,,,Yes,,,1/09/2024 0:00,,,4/03/2025 0:00,,,17/06/2025 0:00,,,,Data Not Available,,5 - Highly Reliable,Yes,,,5 - Highly Reliable,82,,,15,,,No,,,5 - Highly Reliable,5458903,,2554782,,3666237,,,5 - Highly Reliable,25844143,,,3938910,,,5 - Highly Reliable,29029458,,,5 - Highly Reliable
ACC-00001252,Chatham Islands Council,2,,,3,,,9,,,2,,,5 - Highly Reliable,0,,,0,,,5 - Highly Reliable,2,,,2,,,8,,,8,,,3 - Less Reliable,0,,,0,,,1,,,30,,,2 - Uncertain,0,,5 - Highly Reliable,Data Not Available,,5 - Highly Reliable,,Data Not Available,,1 - Very Uncertain,30,,,2 - Uncertain,0,,5 - Highly Reliable,Data Not Available,,5 - Highly Reliable,,Data Not Available,,1 - Very Uncertain,107,,,18,,,4 - Reliable,No,,,0,,,2 - Uncertain,No,,,72,,,26,,,1,,,10,,,1,,,365,,,3 - Less Reliable,1300,Data Not Available,,,Data Not Available,,,Data Not Available,,1 - Very Uncertain,0,,,0,,,0,,,0,,,5 - Highly Reliable,Yes,,,5 - Highly Reliable,,Yes,,,No,,,19/09/2024 0:00,,,,Measure Not Applicable,,,Measure Not Applicable,,,Measure Not Applicable,,1 - Very Uncertain,No,,,5 - Highly Reliable,0,,,0,,,Yes,,,2 - Uncertain,0,,0,,312000,,,5 - Highly Reliable,0,,,324000,,,5 - Highly Reliable,120000,,,1 - Very Uncertain
ACC-00008533,Christchurch City Council,9,,,53,,,96,,,55,,,5 - Highly Reliable,0,,,9692,,,4 - Reliable,0.75,,,9,,,2,,,13,,,5 - Highly Reliable,68,,,242,,,4957,,,8,,,5 - Highly Reliable,100,,5 - Highly Reliable,Renewals model,,5 - Highly Reliable,19.84,,,5 - Highly Reliable,50,,,5 - Highly Reliable,50,,4 - Reliable,Asset inspections,,4 - Reliable,20,,,4 - Reliable,7,,,1,,,5 - Highly Reliable,No,"Not formally adopted, however, FENZ Code of Practice compliance required by individual Private Properties as per Bylaws, District Plan, and enforced through Building Consent process.",,100,,,3 - Less Reliable,Yes,,,148305,,,10143,,,156,,,5,,,156,,,365,,,4 - Reliable,19140535,,,761,,,0,,,4 - Reliable,0,,,0,,,0,,,0,,,5 - Highly Reliable,Yes,,,4 - Reliable,,Yes,,,Yes,,,12/11/2024 0:00,,,13/12/2019 0:00,,,23/08/2024 0:00,,,18/12/2015 0:00,,,4 - Reliable,Yes,,,5 - Highly Reliable,5,,,2,,,No,,,5 - Highly Reliable,3497000,,46029000,,49097000,,,5 - Highly Reliable,76120000,,,45741000,,,5 - Highly Reliable,106271000,,,5 - Highly Reliable
ACC-00008586,Clutha District Council,14,,,14,,,55,,,33,,,4 - Reliable,0,Measure Not Applicable,,0,Measure Not Applicable,,4 - Reliable,3,,,20,,,22,,,48,,,4 - Reliable,21,,,35,,,,Data Not Available,,0,,,3 - Less Reliable,43,,3 - Less Reliable,Desktop assessment,,3 - Less Reliable,5,,,3 - Less Reliable,38,,,3 - Less Reliable,92,,4 - Reliable,Desktop assessment,,3 - Less Reliable,8,,,3 - Less Reliable,149,,,100,,,4 - Reliable,No,,,,Data Not Available,,3 - Less Reliable,No,,,790,,,415,,,16,,,5,,,16,,,365,,,4 - Reliable,1242727,,,0,,,0,,,4 - Reliable,0,,,0,,,0,,,0,,,4 - Reliable,Yes,,,3 - Less Reliable,,Yes,,,No,,,,Data Not Available,,,Data Not Available,,,Data Not Available,,,Data Not Available,,3 - Less Reliable,Yes,,,3 - Less Reliable,149,,,0,,,Yes,,,4 - Reliable,0,Data Not Available,11581000,,11616000,,,4 - Reliable,6511000,,,15684000,,,4 - Reliable,11399000,,,4 - Reliable
ACC-00006269,Department of Corrections,3,,,5,,,11,,,4,,,5 - Highly Reliable,0,,,0,,,5 - Highly Reliable,1,,,48,,,24,,,120,,,2 - Uncertain,3,,,0,,,1,,,0,,,4 - Reliable,100,,2 - Uncertain,Other (Please identify in the comments section),,2 - Uncertain,5,,,2 - Uncertain,59,,,1 - Very Uncertain,100,,2 - Uncertain,Other (Please identify in the comments section),,2 - Uncertain,12,,,2 - Uncertain,0,,,0,,,4 - Reliable,Yes,,,100,,,3 - Less Reliable,No,,,,Measure Not Applicable,,,Measure Not Applicable,,6,,,5,,,6,,,365,,,3 - Less Reliable,,Measure Not Applicable,,,Measure Not Applicable,,,Measure Not Applicable,,5 - Highly Reliable,0,,,0,,,0,,,0,,,3 - Less Reliable,Yes,,,4 - Reliable,,Yes,,,Yes,,,1/08/2025 0:00,,,30/06/2025 0:00,,,30/09/2024 0:00,,,19/04/2024 0:00,,,4 - Reliable,Yes,,,4 - Reliable,0,,,0,,,No,,,4 - Reliable,0,,20000000,,,Data Not Available,,3 - Less Reliable,15000000,,,,Data Not Available,,3 - Less Reliable,,Measure Not Applicable,,5 - Highly Reliable
ACC-00008513,Dunedin City Council,4,,,6,,,62,,,21,,,5 - Highly Reliable,,Measure Not Applicable,,,Measure Not Applicable,,5 - Highly Reliable,0.71,,,18.48,,,1.92,,,28.95,,,4 - Reliable,38,,,19,,,421,,,10,,,3 - Less Reliable,100,,4 - Reliable,Desktop assessment,,4 - Reliable,37,,,4 - Reliable,48,,,4 - Reliable,100,,4 - Reliable,Desktop assessment,,4 - Reliable,46,,,4 - Reliable,5,,,11,,,5 - Highly Reliable,Yes,,,22,,,5 - Highly Reliable,No,,,361,,,3793,,,11,,,5,,,11,,,365,,,5 - Highly Reliable,5368703,,,58,,,,Measure Not Applicable,,5 - Highly Reliable,,Measure Not Applicable,,,Measure Not Applicable,,,Measure Not Applicable,,,Measure Not Applicable,,5 - Highly Reliable,Yes,,,4 - Reliable,,Yes,,,Yes,,,5/05/2022 0:00,,,24/01/2024 0:00,,,13/03/2024 0:00,,,13/03/2024 0:00,,,4 - Reliable,Yes,,,4 - Reliable,3,,,5,,,Yes,,,5 - Highly Reliable,25452,,27621752,,19886008,,,5 - Highly Reliable,42281000,,,23000000,,,5 - Highly Reliable,40484523,,,5 - Highly Reliable
ACC-00008510,Far North District Council,8,,,9,,,37,,,15,,,,0,,,0,,,,0.82,,,17,,,6,,,18,,,,21,,,7,,,212,,,776,,,,85,,,Asset inspections,,,5,,,,25,,,,75,,,Desktop assessment,,,5,,,,143,,,100,,,,Yes,,,100,,,,Yes,,,458,,,1962,,,10,,,5,,,13,,,365,,,,0,,,2500,,,0,,,,0,,,0,,,0,,,0,,,,Yes,,,,,Yes,,,Yes,,,1/02/2025 0:00,,,1/03/2025 0:00,,,1/04/2025 0:00,,,1/05/2025 0:00,,,,Yes,,,,143,,,0,,,Yes,,,,62002,,14247,,33801,,,,25744,,,35065,,,,54506,,,
ACC-00001008,Gisborne District Council,3,,,4,,,19,,,8,,,5 - Highly Reliable,0,,,0,,,5 - Highly Reliable,0.32,,,2.06,,,1.16,,,21.02,,,5 - Highly Reliable,13,,,,Data Not Available,,18,,,0,,,5 - Highly Reliable,100,,5 - Highly Reliable,Desktop assessment,,5 - Highly Reliable,34.5,,,5 - Highly Reliable,69,,,5 - Highly Reliable,,Data Not Available,5 - Highly Reliable,,Data Not Available,5 - Highly Reliable,,Data Not Available,,5 - Highly Reliable,28,,,100,,,5 - Highly Reliable,Yes,,,1,,,4 - Reliable,Yes,,,390,,,1049,,,5,,,5,,,5,,,365,,,4 - Reliable,1018105,,,,Data Not Available,,,Data Not Available,,4 - Reliable,0,,,0,,,0,,,0,,,5 - Highly Reliable,Yes,,,5 - Highly Reliable,,No,,,Yes,,,,Data Not Available,,1/07/2023 0:00,,,,Data Not Available,,,Data Not Available,,4 - Reliable,Yes,,,3 - Less Reliable,28,,,0,,,No,,,5 - Highly Reliable,419,,3587,,7160,,,5 - Highly Reliable,7346,,,7361,,,5 - Highly Reliable,9465,,,5 - Highly Reliable
ACC-00008531,Gore District Council,2,,,3,,,6,,,3,,,5 - Highly Reliable,0,,,3645,,,5 - Highly Reliable,0.25,,,2,,,0.8,,,14,,,5 - Highly Reliable,10,,,1,,,6,,,0,,,5 - Highly Reliable,18.25,,5 - Highly Reliable,Asset inspections,,5 - Highly Reliable,0.2,,,5 - Highly Reliable,52,,,3 - Less Reliable,0,,5 - Highly Reliable,Data Not Available,,5 - Highly Reliable,0,,,5 - Highly Reliable,0,,,0,,,5 - Highly Reliable,Yes,,,100,,,5 - Highly Reliable,No,,,85,,,224,,,6,,,5,,,4,,,365,,,4 - Reliable,923990,,,,Data Not Available,,0,,,3 - Less Reliable,0,,,0,,,0,,,0,,,5 - Highly Reliable,Yes,,,5 - Highly Reliable,,Yes,,,Yes,,,1/05/2024 0:00,,,1/11/2018 0:00,,,,Data Not Available,,,Data Not Available,,4 - Reliable,Yes,,,5 - Highly Reliable,0,,,0,,,No,,,5 - Highly Reliable,1,,709000,,2324000,,,5 - Highly Reliable,8335000,,,2964000,,,5 - Highly Reliable,3119000,,,5 - Highly Reliable
ACC-00001018,Greater Wellington Regional Council,2,,,2,,,,,,2,,,,0,,,0,,,,4,,,4,,,8,,,24,,,,,Measure Not Applicable,,0,,,0,,,0,,,,100,,,Asset management information system,,,0,,,,5,,,,100,,,Asset inspections,,,0,,,,0,,,0,,,,,Measure Not Applicable,,,Measure Not Applicable,,,Yes,,,,Measure Not Applicable,,,Measure Not Applicable,,2,,,5,,,2,,,365,,,,,Data Not Available,,,Data Not Available,,,Measure Not Applicable,,,,Measure Not Applicable,,,Measure Not Applicable,,,Measure Not Applicable,,,Measure Not Applicable,,,Yes,,,,,Yes,,,Yes,,,1/02/2025 0:00,,,1/02/2025 0:00,,,1/02/2025 0:00,,,1/02/2025 0:00,,,,Yes,,,,0,,,0,,,,,,,25000,,50000,,30000,,,,0,,,30000,,,,,Measure Not Applicable,,
ACC-00001015,Grey District Council,2,,,3,,,12,,,7,,,5 - Highly Reliable,0,,,0,,,5 - Highly Reliable,1,,,1.5,,,5,,,5,,,4 - Reliable,24,,,,Data Not Available,,102,,,0,,,4 - Reliable,100,,2 - Uncertain,Asset management information system,,2 - Uncertain,30,,,1 - Very Uncertain,28,,,4 - Reliable,100,,1 - Very Uncertain,Asset management information system,,1 - Very Uncertain,0,,,1 - Very Uncertain,159,,,100,,,5 - Highly Reliable,Yes,,,100,,,4 - Reliable,No,,,150,,,112,,,4,,,5,,,4,,,365,,,4 - Reliable,,Data Not Available,,0,,,0,,,5 - Highly Reliable,0,,,0,,,0,,,0,,,5 - Highly Reliable,Yes,,,4 - Reliable,,Yes,,,Yes,,,1/08/2024 0:00,,,1/08/2024 0:00,,,,Data Not Available,,,Data Not Available,,4 - Reliable,Yes,,,3 - Less Reliable,0,,,0,,,Yes,,,5 - Highly Reliable,119724,,843901,,2812630,,,4 - Reliable,4835000,,,3099168,,,4 - Reliable,660531,,,4 - Reliable
ACC-00001003,Hamilton City Council,1,,,1,,,11,,,8,,,,0,,,875656,,,,0.683333333,,,120,,,2,,,144,,,,303,,,62,,,314,,,0,,,,100,,,Renewals model,,,26,,,,27,,,,50,,,Renewals model,,,50,,,,52,,,92,,,,Yes,,,13,,,,Yes,,,,Measure Not Applicable,,3449,,,1,,,1,,,2,,,365,,,,11423609,,,0,,,0,,,,,Measure Not Applicable,,,Measure Not Applicable,,,Measure Not Applicable,,,Measure Not Applicable,,,Yes,,,,,No,,,Yes,,,,Data Not Available,,10/02/2025 0:00,,,6/11/2024 0:00,,,,Data Not Available,,,Yes,,,,52,,,0,,,No,,,,18668899,,22535993,,29703690,,,,77694605,,,34462540,,,,30473574,,,
ACC-00008532,Hastings District Council,10,,,17,,,33,,,12,,,,0,,,0,,,,0.433,,,1.367,,,1.133,,,26.883,,,,52,,,34,,,110,,,6,,,,100,,,Renewals model,,,28.59,,,,38.94,,,,,Data Not Available,,Other (Please identify in the comments section),,,,Data Not Available,,,156,,,100,,,,Yes,,,83,,,5 - Highly Reliable,Yes,,,3025,,,947,,,26,,,5,,,26,,,358,,,5 - Highly Reliable,7781167,,,,Measure Not Applicable,,,Measure Not Applicable,,5 - Highly Reliable,,Measure Not Applicable,,,Measure Not Applicable,,,Measure Not Applicable,,,Measure Not Applicable,,5 - Highly Reliable,Yes,,,4 - Reliable,,Yes,,,Yes,,,1/02/2023 0:00,,,1/02/2023 0:00,,,14/02/2023 0:00,,,22/10/2024 0:00,,,4 - Reliable,Yes,,,4 - Reliable,156,,,0,,,No,,,4 - Reliable,388000,,12418000,,11364000,,,4 - Reliable,25238000,,,12469000,,,4 - Reliable,21276000,,,4 - Reliable
ACC-00008587,Hauraki District Council,3,,,4,,,10,,,9,,,5 - Highly Reliable,0,,,0,,,5 - Highly Reliable,0.27,,,2.15,,,2.02,,,21.95,,,5 - Highly Reliable,7,,,31,,,141,,,2,,,5 - Highly Reliable,1.8,,5 - Highly Reliable,Asset inspections,,3 - Less Reliable,45.6,,,3 - Less Reliable,34,,,4 - Reliable,1,,4 - Reliable,Asset inspections,,4 - Reliable,32,,,4 - Reliable,0,,,0,,,5 - Highly Reliable,Yes,,,30,,,5 - Highly Reliable,No,,,8264,,,538,,,5,,,5,,,5,,,365,,,5 - Highly Reliable,4847173.681,,,0,,,0,,,5 - Highly Reliable,0,,,0,,,0,,,0,,,5 - Highly Reliable,Yes,,,5 - Highly Reliable,,Yes,,,Yes,,,1/06/2018 0:00,,,1/07/2019 0:00,,,1/05/2025 0:00,,,,Data Not Available,,5 - Highly Reliable,Yes,,,5 - Highly Reliable,0,,,0,,,No,,,5 - Highly Reliable,0,,7500000,,14251000,,,5 - Highly Reliable,2187343,,,15812000,,,5 - Highly Reliable,11980000,,,5 - Highly Reliable
ACC-00001034,Horowhenua District Council,4,,,5,,,13,,,,,,,0,,,4704,,,,0.91,,,2.21,,,17.1,,,19.64,,,,6,,,3,,,5,,,2,,,,100,,4 - Reliable,Desktop assessment,,4 - Reliable,14,,,4 - Reliable,54,,,4 - Reliable,100,,4 - Reliable,Asset inspections,,3 - Less Reliable,5,,,3 - Less Reliable,133,,,100,,,3 - Less Reliable,Yes,,,18,,,3 - Less Reliable,Yes,,,12481,,,71,,,8,,,1,,,8,,,365,,,3 - Less Reliable,638832,,,0,,,0,,,3 - Less Reliable,0,,,0,,,0,,,0,,,3 - Less Reliable,Yes,,,3 - Less Reliable,,Yes,,,Yes,,,31/08/2025 0:00,,,12/05/2025 0:00,,,31/08/2025 0:00,,,13/03/2025 0:00,,,3 - Less Reliable,Yes,,,3 - Less Reliable,133,,,0,,,No,,,3 - Less Reliable,3337000,,6046000,,5560000,,,3 - Less Reliable,6112470,,,5497745,,,3 - Less Reliable,1920067,,,3 - Less Reliable
ACC-00001012,Hurunui District Council,16,,,18,,,319,,,147,,,,0,,,0,,,,1.3,,,23.83,,,2.78,,,42.33,,,,27,,,29,,,50,,,0,,,,100,,,Asset management information system,,,8,,,,29,,,,30,,,Asset management information system,,,2,,,,124,,,100,,,,Yes,,,1,,,,Yes,,,4116,,,349,,,21,,,5,,,21,,,365,,,,8978334,,,170,,,0,,,,0,,,0,,,0,,,0,,,,Yes,,,,,Yes,,,No,,,2/10/2022 0:00,,,1/02/2024 0:00,,,1/01/2017 0:00,Data Not Available,,1/01/2017 0:00,Data Not Available,,,Yes,,,,124,,,90,,,No,,,,202518,,9272722,,13522488,,,,11177466,,,14032834,,,,10258444,,,
ACC-00008502,Invercargill City Council,1,,,2,,,11,,,6,,,5 - Highly Reliable,0,,,0,,,5 - Highly Reliable,0.21,,,68,,,1,,,74,,,4 - Reliable,556,,,0,,,275,,,0,,,4 - Reliable,0,Data Not Available,1 - Very Uncertain,Data Not Available,Data Not Available,1 - Very Uncertain,0,Data Not Available,,1 - Very Uncertain,57,,,4 - Reliable,100,,4 - Reliable,Asset inspections,,4 - Reliable,11,,,4 - Reliable,0,,,0,,,5 - Highly Reliable,No,,,37,,,3 - Less Reliable,Yes,,,641,,,834,,,2,,,5,,,2,,,365,,,3 - Less Reliable,4003990.58,,,0,,,0,,,4 - Reliable,0,,,0,,,0,,,0,,,5 - Highly Reliable,Yes,,,4 - Reliable,,Yes,,,No,,,1/09/2024 0:00,,,,Measure Not Applicable,,1/09/2024 0:00,,,,Measure Not Applicable,,3 - Less Reliable,Yes,,,4 - Reliable,0,,,0,,,No,,,5 - Highly Reliable,0,,11582000,,6666000,,,4 - Reliable,5944000,,,8704000,,,4 - Reliable,13699000,,,4 - Reliable
ACC-00001004,Kaikoura District Council,8,,,8,,,46,,,4,,,,0,,,0,,,,2,,,48,,,12,,,168,,,,6,,,,,,,Data Not Available,,0,,,,85,,,Desktop assessment,,,5,,,,38,,,,85,,,Asset inspections,,,4,,,,0,,,0,,,,Yes,,,100,,,,Yes,,,20,,,365,,,8,,,10,,,8,,,365,,,,63960,,,0,,,0,,,,0,,,0,,,0,,,0,,,,Yes,,,,,Yes,,,No,,,1/05/2025 0:00,Measure Not Applicable,,,Data Not Available,,,Data Not Available,,,Data Not Available,,,Yes,,,,0,,,0,,,No,,,,,Data Not Available,339000,,1614028,,,,293924,,,1921000,,,,1792282.09,,,
ACC-00001094,Kaipara District Council,5,,,5,,,18,,,5,,,,12626,,,0,,,,0.35,,,0.48,,,5.51,,,9.07,,,4 - Reliable,9,,,6,,,40,,,1,,,4 - Reliable,94,,2 - Uncertain,Other (Please identify in the comments section),,2 - Uncertain,19,,,3 - Less Reliable,28,,,3 - Less Reliable,100,,2 - Uncertain,Other (Please identify in the comments section),,2 - Uncertain,12,,,2 - Uncertain,27,,,98,,,2 - Uncertain,No,,,100,,,2 - Uncertain,Yes,,,2964,,,584,,,7,,,2,,,6,,,273,,,2 - Uncertain,805363,,,0,,,0,,,2 - Uncertain,0,,,0,,,0,,,0,,,2 - Uncertain,Yes,,,4 - Reliable,,Yes,,,Yes,,,16/05/2023 0:00,,,,Data Not Available,,30/05/2025 0:00,,,,Data Not Available,,4 - Reliable,Yes,,,4 - Reliable,95,,,24,,,No,,,4 - Reliable,1442121,,111806,,1791975,,,4 - Reliable,2400000,,,2112323,,,4 - Reliable,4692225,,,4 - Reliable
ACC-00008506,Kapiti Coast District Council,4,,,5,,,19,,,9,,,,0,,,0,,,,0.316666667,,,6.883333333,,,1.666666667,,,26,,,,35,,,21,,,320,,,120,,,,100,,,Renewals model,,,3.3,,,,37.8,,,,90,,,Asset inspections,,,10,,,,0,,,0,,,,Yes,,,46,,,,Yes,,,23579,,,1774,,,17,,,2,,,17,,,365,,,,2681595.041,,,0,,,0,,,,0,,,0,,,0,,,0,,,,Yes,,,,,Yes,,,Yes,,,1/04/2024 0:00,,,1/11/2023 0:00,,,26/10/2023 0:00,,,30/08/2021 0:00,,,,Yes,,,,0,,,0,,,No,,,,20865182.1,,1714657.11,,12340880.93,,,,16933810.65,,,14774832.44,,,,14735683.11,,,
ACC-00008542,Kawerau District Council,1,,,1,,,3,,,1,,,,0,,,0,,,,0.52,,,1.37,,,2.1,,,8.57,,,,7,,,1,,,7,,,0,,,,100,,,Renewals model,,,0,,,,20,,,,100,,,Renewals model,,,0,,,,0,,,0,,,,Yes,,,10,,,,Yes,,,2,,,46,,,3,,,5,,,3,,,365,,,,352006,,,0,,,0,,,,0,,,0,,,0,,,0,,,,Yes,,,,,Yes,,,Yes,,,24/01/2025 0:00,,,,,,1/02/2025 0:00,,,,,,,Yes,,,,0,,,0,,,No,,,,,,,,,,,,,,,,,,,,,,
ACC-00008572,Mackenzie District Council,5,,,5,,,15,,,7,,,,0,,,0,,,,1.88,,,7.7,,,8.2,,,100.91,,,,,,,,,,,,,,,,,87,,,Renewals model,,,0,,,,19,,,,100,,,Asset inspections,,,1,,,,,,,,,,,Yes,,,,,,,No,,,3246,,,268,,,5,,,5,,,7,,,365,,,,500293,,,0,,,0,,,,0,,,0,,,0,,,0,,,,No,,,,,No,,,No,,,,,,,,,,,,,,,,No,,,,,,,,,,,,,,990474.29,,,,,,,,1619542,,,,,,,,,,
ACC-00007492,Manawatu District Council,6,,,7,,,15,,,2,,,5 - Highly Reliable,0,,,87840,,,5 - Highly Reliable,0.505,,,5,,,2,,,36,,,4 - Reliable,8,,,0,,,8,,,0,,,5 - Highly Reliable,100,,4 - Reliable,Desktop assessment,,4 - Reliable,14.6,,,4 - Reliable,27.4,,,4 - Reliable,100,,4 - Reliable,Desktop assessment,,5 - Highly Reliable,43,,,5 - Highly Reliable,,Measure Not Applicable,,,Measure Not Applicable,,5 - Highly Reliable,Yes,,,39,,,5 - Highly Reliable,No,,,183,,,75,,,8,,,5,,,8,,,365,,,4 - Reliable,1062280,,,0,,,0,,,4 - Reliable,0,,,0,,,0,,,0,,,4 - Reliable,Yes,,,4 - Reliable,,Yes,,,Yes,,,1/09/2023 0:00,,,9/07/2024 0:00,,,9/04/2025 0:00,,,21/03/2020 0:00,,,4 - Reliable,Yes,,,4 - Reliable,0,,,0,,,Yes,,,5 - Highly Reliable,751963,,9453628,,5512414,,,4 - Reliable,3915932,,,6577306,,,5 - Highly Reliable,8081784,,,5 - Highly Reliable
ACC-00008520,Marlborough District Council,8,,,9,,,26,,,14,,,,0,,,0,,,,1,,,4.32,,,1,,,5.52,,,,83,,,11,,,23,,,11,,,,39.2,,,Asset management information system,,,3.65,,,,30,,,,49,,,Asset management information system,,,4,,,,0,,,0,,,,No,,,0,,,,Yes,,,15339,,,1264,,,24,,,5,,,24,,,365,,,,4139641,,,0,,,0,,,,0,,,0,,,0,,,0,,,,Yes,,,,,Yes,,,Yes,,,19/05/2025 0:00,,,25/08/2025 0:00,,,27/06/2025 0:00,,,26/08/2020 0:00,,,,Yes,,,,0,,,0,,,No,,,,346,,5221,,16112,,,,12526,,,16047,,,,13070,,,
ACC-00001026,Masterton District Council,3,,,2,,,16,,,1,,,5 - Highly Reliable,0,,,0,,,5 - Highly Reliable,0.367,,,1.23,,,1.12,,,1.38,,,4 - Reliable,25,,,1,,,33,,,0,,,4 - Reliable,84.4,,4 - Reliable,Desktop assessment,,4 - Reliable,23.52,,,4 - Reliable,32,,,4 - Reliable,0,,4 - Reliable,Renewals model,,4 - Reliable,,Data Not Available,,4 - Reliable,90,,,100,,,4 - Reliable,Yes,,,0,,,4 - Reliable,Yes,,,9000,,,48,,,1,,,0,,,0,,,0,,,4 - Reliable,226098,,,0,,,0,,,4 - Reliable,0,,,0,,,0,,,0,,,4 - Reliable,Yes,,,4 - Reliable,,Yes,,,Yes,,,6/01/2025 0:00,,,10/11/2022 0:00,,,,,,,,,4 - Reliable,Yes,,,4 - Reliable,90,,,0,,,No,,,4 - Reliable,4870000,,330000,,6133788,,,4 - Reliable,464180,,,6685905,,,4 - Reliable,5230000,,,4 - Reliable
ACC-00008512,Matamata Piako District Council,6,,,10,,,11,,,3,,,5 - Highly Reliable,0,,,0,,,5 - Highly Reliable,0.52,,,48,,,3,,,48,,,2 - Uncertain,13,,,5,,,280,,,0,,,4 - Reliable,93.974531,,5 - Highly Reliable,,,2 - Uncertain,13.523126,,,2 - Uncertain,33.161009,,,4 - Reliable,100,,5 - Highly Reliable,,,2 - Uncertain,1.290878,,,2 - Uncertain,167,,,100,,,5 - Highly Reliable,Yes,,,17,,,1 - Very Uncertain,No,,,1349,,,65,,,16,,,1,,,16,,,,Data Not Available,,5 - Highly Reliable,1405784.34,,,0,,,0,,,3 - Less Reliable,,Measure Not Applicable,,,Measure Not Applicable,,,Measure Not Applicable,,,Measure Not Applicable,,5 - Highly Reliable,Yes,,,4 - Reliable,,No,,,Yes,,,,Measure Not Applicable,,1/11/2018 0:00,,,,Measure Not Applicable,,,Data Not Available,,4 - Reliable,Yes,,,5 - Highly Reliable,115,,,50,,,No,,,5 - Highly Reliable,1871000,,5269620,,10448987,,,5 - Highly Reliable,8206000,,,11446717,,,5 - Highly Reliable,13416000,,,5 - Highly Reliable
ACC-00008588,Ministry of Education,118,,,118,,,160,,,118,,,3 - Less Reliable,,Measure Not Applicable,,,Measure Not Applicable,,3 - Less Reliable,,Data Not Available,,,Data Not Available,,,Data Not Available,,,Data Not Available,,3 - Less Reliable,,Data Not Available,,,Data Not Available,,,Data Not Available,,,Measure Not Applicable,,3 - Less Reliable,,Data Not Available,3 - Less Reliable,,,3 - Less Reliable,,Data Not Available,,3 - Less Reliable,,Data Not Available,,3 - Less Reliable,10,,3 - Less Reliable,Desktop assessment,,3 - Less Reliable,0,,,5 - Highly Reliable,,Data Not Available,,,Measure Not Applicable,,5 - Highly Reliable,No,,,,Measure Not Applicable,,5 - Highly Reliable,Yes,,,,Data Not Available,,,Data Not Available,,,Data Not Available,,,Data Not Available,,,Data Not Available,,,Data Not Available,,5 - Highly Reliable,,Data Not Available,,,Data Not Available,,,Data Not Available,,5 - Highly Reliable,,Measure Not Applicable,,,Measure Not Applicable,,,Measure Not Applicable,,,Measure Not Applicable,,5 - Highly Reliable,Yes,,,5 - Highly Reliable,,Yes,,,Yes,,,,Data Not Available,,,Data Not Available,,,Data Not Available,,,Data Not Available,,5 - Highly Reliable,No,Data Not Available,,5 - Highly Reliable,,Measure Not Applicable,,,Measure Not Applicable,,No,Measure Not Applicable,,5 - Highly Reliable,,Data Not Available,4700000,,,Data Not Available,,5 - Highly Reliable,8000000,,,,Data Not Available,,5 - Highly Reliable,,Measure Not Applicable,,5 - Highly Reliable
ACC-00001141,Napier City Council,1,,,7,,,12,,,7,,,5 - Highly Reliable,,Measure Not Applicable,,,Measure Not Applicable,,5 - Highly Reliable,0.5,,,23,,,2,,,48,,,4 - Reliable,77,,,0,,,102,,,0,,,4 - Reliable,100,,2 - Uncertain,Renewals model,,4 - Reliable,25.6,,,3 - Less Reliable,42,,,4 - Reliable,93,,4 - Reliable,Asset inspections,,4 - Reliable,12,,,4 - Reliable,157,,,100,,,4 - Reliable,Yes,,,,Data Not Available,,4 - Reliable,Yes,,,804,,,923,,,7,,,3,,,7,,,365,,,5 - Highly Reliable,3910153,,,,Measure Not Applicable,,,Measure Not Applicable,,4 - Reliable,,Measure Not Applicable,,,Measure Not Applicable,,,Measure Not Applicable,,,Measure Not Applicable,,5 - Highly Reliable,Yes,,,4 - Reliable,,Yes,,,Yes,,,14/12/2020 0:00,,,14/05/2024 0:00,,,14/02/2023 0:00,,,14/02/2023 0:00,,,4 - Reliable,Yes,,,4 - Reliable,39,,,0,,,No,,,4 - Reliable,3157676,,2092204,,5478735,,,4 - Reliable,10298856,,,5723676,,,4 - Reliable,9499481,,,4 - Reliable
ACC-00008541,Nelson City Council,1,,,1,,,51,,,13,,,5 - Highly Reliable,107901,,,0,,,5 - Highly Reliable,0.333333333,,,1.633333333,,,4.35,,,20.05,,,5 - Highly Reliable,46,,,10,,,209,,,0,,,4 - Reliable,98,,4 - Reliable,Desktop assessment,,4 - Reliable,36,,,4 - Reliable,41,,,4 - Reliable,85,,4 - Reliable,Other (Please identify in the comments section),,4 - Reliable,8,,,2 - Uncertain,32,,,98,,,5 - Highly Reliable,Yes,,,0,,,5 - Highly Reliable,Yes,,,20145,,,1807,,,3,,,1,,,3,,,365,,,5 - Highly Reliable,2900000,,,0,,,158000,,,4 - Reliable,0,,,0,,,0,,,0,,,5 - Highly Reliable,Yes,,,5 - Highly Reliable,,Yes,,,Yes,,,1/07/2025 0:00,,,1/03/2022 0:00,,,17/08/2022 0:00,,,17/08/2022 0:00,,,5 - Highly Reliable,Yes,,,5 - Highly Reliable,32,,,0,,,No,,,5 - Highly Reliable,3259000,,4046000,,11269000,,,5 - Highly Reliable,9662000,,,11187500,,,5 - Highly Reliable,16208500,,,5 - Highly Reliable
ACC-00008525,New Plymouth District Council,4,,,4,,,21,,,6,,,5 - Highly Reliable,0,,,0,,,5 - Highly Reliable,0.55,,,4.6,,,1.62,,,7.36,,,4 - Reliable,60,,,7,,,141,,,0,,,3 - Less Reliable,89.43,,4 - Reliable,Renewals model,,4 - Reliable,24.888,,,4 - Reliable,40.603,,,4 - Reliable,90.90909091,,2 - Uncertain,Desktop assessment,,4 - Reliable,17.5,,,2 - Uncertain,90,,,100,,,5 - Highly Reliable,No,,,55,,,3 - Less Reliable,Yes,,,22962,,,2312,,,7,,,5,,,5,,,365,,,4 - Reliable,765035,,,0,,,11700,,,4 - Reliable,0,,,0,,,0,,,0,,,5 - Highly Reliable,Yes,,,5 - Highly Reliable,,Yes,,,Yes,,,8/04/2025 0:00,,,1/09/2017 0:00,,,3/07/2025 0:00,,,3/07/2025 0:00,,,5 - Highly Reliable,Yes,,,5 - Highly Reliable,90,,,0,,,No,,,5 - Highly Reliable,4189000,,3352000,,22573000,,,5 - Highly Reliable,18030000,,,29100000,,,5 - Highly Reliable,21115000,,,5 - Highly Reliable
ACC-00001000,New Zealand Defence Force,7,,,7,,,21,,,5,,,5 - Highly Reliable,2116,,,51149.37739,,,2 - Uncertain,,Data Not Available,,,Data Not Available,,,Data Not Available,,,Data Not Available,,2 - Uncertain,0,,,1,,,1,,,0,,,3 - Less Reliable,92,,4 - Reliable,Desktop assessment,,4 - Reliable,56,,,4 - Reliable,47,,,4 - Reliable,,Data Not Available,4 - Reliable,,Data Not Available,4 - Reliable,,Data Not Available,,4 - Reliable,0,,,0,,,3 - Less Reliable,Yes,,,,Data Not Available,,4 - Reliable,No,,,,Measure Not Applicable,,,Measure Not Applicable,,11,,,5,,,10,,,362,,,3 - Less Reliable,,Measure Not Applicable,,,Measure Not Applicable,,,Measure Not Applicable,,3 - Less Reliable,0,,,0,,,0,,,0,,,5 - Highly Reliable,No,,,4 - Reliable,,Yes,,,Yes,,,27/06/2024 0:00,,,31/12/2021 0:00,,,6/07/2023 0:00,,,,Data Not Available,,4 - Reliable,Yes,,,5 - Highly Reliable,0,,,0,,,0,,,3 - Less Reliable,0,,18770216,,724069.3495,,,4 - Reliable,748640.2084,,,684925.4227,,,4 - Reliable,,Measure Not Applicable,,4 - Reliable
ACC-00008500,Opotiki District Council,3,,,3,,,10,,,4,,,5 - Highly Reliable,0,,,0,,,5 - Highly Reliable,0.18,,,0.31,,,1.75,,,6.8,,,5 - Highly Reliable,1,,,5,,,6,,,0,,,5 - Highly Reliable,89,,4 - Reliable,Asset management information system,,4 - Reliable,6.4,,,4 - Reliable,24,,,4 - Reliable,89,,4 - Reliable,Asset management information system,,4 - Reliable,6.4,,,4 - Reliable,0,,,0,,,5 - Highly Reliable,Yes,,,100,,,5 - Highly Reliable,Yes,,,2737,,,87,,,4,,,1,,,3,,,365,,,5 - Highly Reliable,,Data Not Available,,225,Data Not Available,,0,,,4 - Reliable,0,,,0,,,0,,,0,,,5 - Highly Reliable,Yes,,,5 - Highly Reliable,,Yes,,,Yes,,,1/07/2019 0:00,,,,Data Not Available,,12/03/2025 0:00,,,,Data Not Available,,4 - Reliable,Yes,,,5 - Highly Reliable,0,,,0,,,No,,,5 - Highly Reliable,0,,132422,,1434117,,,5 - Highly Reliable,897000,,,1065000,,,4 - Reliable,2102984,,,5 - Highly Reliable
ACC-00008562,Otorohanga District Council,7,,,6,,,7,,,3,,,5 - Highly Reliable,0,,,0,,,5 - Highly Reliable,2.98,,,2.28,,,15.48,,,10.27,,,5 - Highly Reliable,3,,,0,,,0,,,0,,,5 - Highly Reliable,99.29,,5 - Highly Reliable,Desktop assessment,,5 - Highly Reliable,11.25,,,5 - Highly Reliable,30,,,5 - Highly Reliable,80,Data Not Available,5 - Highly Reliable,,Data Not Available,5 - Highly Reliable,0,Data Not Available,,5 - Highly Reliable,0,,,0,,,5 - Highly Reliable,Yes,,,50,,,5 - Highly Reliable,No,,,788,,,517,,,7,,,5,,,7,,,0,Measure Not Applicable,,5 - Highly Reliable,448953,,,0,,,0,,,5 - Highly Reliable,0,,,0,,,0,,,0,,,5 - Highly Reliable,Yes,,,5 - Highly Reliable,,Yes,,,Yes,,,1/06/2025 0:00,,,14/11/2024 0:00,,,22/05/2025 0:00,,,15/08/2024 0:00,,,5 - Highly Reliable,Yes,,,5 - Highly Reliable,0,,,0,,,No,,,5 - Highly Reliable,0,,333491,,2067230,,,5 - Highly Reliable,836401,,,2482111,,,5 - Highly Reliable,2449969,,,5 - Highly Reliable
ACC-00008549,Palmerston North City Council,4,,,9,,,13,,,6,,,5 - Highly Reliable,0,,,0,,,5 - Highly Reliable,0.52,,,1.46,,,1.76,,,2.81,,,5 - Highly Reliable,113,,,13,,,51,,,0,,,5 - Highly Reliable,1,,5 - Highly Reliable,Asset inspections,,5 - Highly Reliable,1,,,5 - Highly Reliable,33,,,5 - Highly Reliable,52,,5 - Highly Reliable,Asset inspections,,5 - Highly Reliable,1,,,5 - Highly Reliable,209,,,1,,,5 - Highly Reliable,Yes,,,34,,,5 - Highly Reliable,Yes,,,111,,,1272,,,12,,,5,,,12,,,365,,,4 - Reliable,148080,,,553,,,142128,,,5 - Highly Reliable,0,,,0,,,0,,,0,,,5 - Highly Reliable,Yes,,,5 - Highly Reliable,,Yes,,,Yes,,,6/05/2025 0:00,,,6/05/2025 0:00,,,10/04/2025 0:00,,,19/06/2025 0:00,,,5 - Highly Reliable,Yes,,,5 - Highly Reliable,209,,,0,,,No,,,5 - Highly Reliable,1013434,,11468600,,5724816,,,5 - Highly Reliable,15529763,,,7993734,,,5 - Highly Reliable,17583782,,,5 - Highly Reliable
ACC-00001187,Papakura,2,,,0,,,2,,,1,,,5 - Highly Reliable,8565889,,,46861,,,4 - Reliable,0.4,,,20,,,3.4,,,24,,,4 - Reliable,36,,,9,,,83,,,1,,,4 - Reliable,100,,3 - Less Reliable,Other (Please identify in the comments section),,3 - Less Reliable,28.2,,,3 - Less Reliable,31,,,3 - Less Reliable,100,,4 - Reliable,Asset inspections,,4 - Reliable,0,,,4 - Reliable,0,,,0,,,5 - Highly Reliable,Yes,,,5,,,4 - Reliable,Yes,,,24145,,,1343,,,,Measure Not Applicable,,,Measure Not Applicable,,,Measure Not Applicable,,,Measure Not Applicable,,4 - Reliable,139804,,,0,,,0,,,4 - Reliable,,Measure Not Applicable,,,Measure Not Applicable,,,Measure Not Applicable,,,Measure Not Applicable,,5 - Highly Reliable,Yes,,,4 - Reliable,,Yes,,,Yes,,,20/09/2024 0:00,,,20/09/2024 0:00,,,5/06/2025 0:00,,,,,,4 - Reliable,Yes,,,4 - Reliable,0,,,0,,,No,,,5 - Highly Reliable,,,,,,,,5 - Highly Reliable,,,,,,,5 - Highly Reliable,,,,5 - Highly Reliable
ACC-00008584,Queenstown Lakes District Council,10,,,14,,,35,,,37,,,5 - Highly Reliable,0,,,0,,,5 - Highly Reliable,0.7,,,18,,,6,,,71,,,5 - Highly Reliable,15,,,33,,,202,,,845,,,5 - Highly Reliable,100,,5 - Highly Reliable,Desktop assessment,,5 - Highly Reliable,9,,,5 - Highly Reliable,18,,,5 - Highly Reliable,99,,5 - Highly Reliable,Asset management information system,,5 - Highly Reliable,0,,,3 - Less Reliable,12,,,1,,,5 - Highly Reliable,Yes,,,5,,,4 - Reliable,Yes,,,1403,,,3,,,27,,,5,,,27,,,,,,5 - Highly Reliable,7531206,,,0,,,0,,,5 - Highly Reliable,0,,,0,,,0,,,0,,,5 - Highly Reliable,Yes,,,5 - Highly Reliable,,Yes,,,Yes,,,21/10/2022 0:00,,,29/10/2020 0:00,,,19/10/2024 0:00,,,19/10/2024 0:00,,,5 - Highly Reliable,Yes,,,5 - Highly Reliable,12,,,0,,,No,,,5 - Highly Reliable,9481635,,16315731,,24888553,,,5 - Highly Reliable,23649445,,,22953285,,,5 - Highly Reliable,14482107,,,5 - Highly Reliable
ACC-00007503,Rangitikei District Council,6,,,7,,,1,,,11,,,,398556,,,0,,,,0.135,,,0.75,,,1.695,,,2.68,,,,4,,,0,,,4,,,0,,,,89,,,Other (Please identify in the comments section),,,2,,,,29,,,,99,,,Other (Please identify in the comments section),,,0,,,,0,,,0,,,,No,,,100,,,,Yes,,,3779,,,850,,,10,,,5,,,10,,,365,,,,1752104,,,0,,,0,,,,0,,,0,,,0,,,0,,,,Yes,,,,,Yes,,,Yes,,,16/08/2025 0:00,,,26/11/2024 0:00,,,14/05/2025 0:00,,,14/05/2025 0:00,,,,Yes,,,,0,,,0,,,No,,,,0,,2407629,,8515584,,,,9844000,,,6015000,,,,7290680,,,
ACC-00008544,Rotorua Lakes Council,8,,,10,,,50,,,20,,,,0,,,0,,,,0.5,,,20,,,1,,,48,,,,0,,,0,,,0,,,0,,,,13,,,Asset inspections,,,3.9,,,,35.1,,,,16,,,Asset inspections,,,1,,,,0,,,0,,,,Yes,,,100,,,,Yes,,,3510,,,1512,,,10,,,5,,,,Measure Not Applicable,,322,,,,6973396,,,25104,,,0,,,,0,,,0,,,0,,,0,,,,Yes,,,,,Yes,,,Yes,,,,Data Not Available,,,Data Not Available,,,Data Not Available,,,Data Not Available,,,Yes,,,,0,,,0,,,No,,,,2064955.89,,7629401.67,,7882571.1,,,,10932768,,,5913580.09,,,,2843342.47,,,
ACC-00008524,Ruapehu District Council,6,,,6,,,14,,,4,,,5 - Highly Reliable,0,,,0,,,5 - Highly Reliable,0.16,,,2,,,2,,,6,,,5 - Highly Reliable,2,,,28,,,27,,,0,,,4 - Reliable,21.44240077,,4 - Reliable,Desktop assessment,,4 - Reliable,14.16,,,4 - Reliable,35,,,3 - Less Reliable,23,,4 - Reliable,Asset inspections,,4 - Reliable,0,,,4 - Reliable,0,,,0,,,4 - Reliable,Yes,,,50,,,3 - Less Reliable,No,,,185,,,210,,,0,,,0,,,0,,,0,,,4 - Reliable,725741,,,0,Data Not Available,,0,Measure Not Applicable,,5 - Highly Reliable,0,,,0,,,0,,,0,,,5 - Highly Reliable,Yes,,,5 - Highly Reliable,,Yes,,,Yes,,,10/04/2024 0:00,,,3/07/2024 0:00,,,1/09/2023 0:00,,,27/08/2025 0:00,,,4 - Reliable,Yes,,,4 - Reliable,0,,,0,,,No,,,4 - Reliable,4333719,,67006,,7714827,,,4 - Reliable,1106132,,,6616894,,,4 - Reliable,5327645,,,4 - Reliable
ACC-00001006,Selwyn District Council,26,,,37,,,102,,,17,,,5 - Highly Reliable,,Measure Not Applicable,,,Measure Not Applicable,,5 - Highly Reliable,0.5,,,0.47,,,1.583,,,1.633,,,5 - Highly Reliable,44,,,6,,,132,,,75,,,3 - Less Reliable,94,,4 - Reliable,Desktop assessment,,4 - Reliable,2,,,4 - Reliable,22,,,4 - Reliable,65,,4 - Reliable,Asset inspections,,4 - Reliable,1,,,4 - Reliable,77,,,30,,,4 - Reliable,Yes,,,97,,,5 - Highly Reliable,Yes,,,21057,,,3565,,,48,,,5,,,48,,,365,,,4 - Reliable,5033293,,,39,,,3360,,,4 - Reliable,,Measure Not Applicable,,,Measure Not Applicable,,,Measure Not Applicable,,,Measure Not Applicable,,5 - Highly Reliable,Yes,,,5 - Highly Reliable,,Yes,,,Yes,,,3/11/2023 0:00,,,15/09/2022 0:00,,,18/03/2025 0:00,,,25/03/2021 0:00,,,5 - Highly Reliable,Yes,,,5 - Highly Reliable,0,,,0,,,No,,,5 - Highly Reliable,20127329,,14108759,,14056554,,,5 - Highly Reliable,29377056,,,17613970,,,5 - Highly Reliable,19488076,,,5 - Highly Reliable
ACC-00008521,South Taranaki District Council,10,,,10,,,38,,,3,,,5 - Highly Reliable,0,,,0,,,5 - Highly Reliable,0.367,,,42,,,2,,,70,,,4 - Reliable,50,,,18,,,18,,,0,,,4 - Reliable,100,,5 - Highly Reliable,Asset management information system,,3 - Less Reliable,22.3,,,3 - Less Reliable,41.6,,,3 - Less Reliable,100,,5 - Highly Reliable,Asset management information system,,3 - Less Reliable,3,,,3 - Less Reliable,89,,,100,,,5 - Highly Reliable,No,,,78,,,4 - Reliable,Yes,,,456,,,2057,,,21,,,5,,,21,,,365,,,4 - Reliable,1252192,,,2,,,6,,,4 - Reliable,0,,,0,,,0,,,0,,,5 - Highly Reliable,Yes,,,4 - Reliable,,Yes,,,Yes,,,18/07/2025 0:00,,,31/08/2023 0:00,,,13/09/2024 0:00,,,,Data Not Available,,4 - Reliable,Yes,,,5 - Highly Reliable,89,,,0,,,No,,,5 - Highly Reliable,406000,,7831000,,10269406,,,5 - Highly Reliable,21884000,,,10295313,,,5 - Highly Reliable,15207459,,,5 - Highly Reliable
ACC-00008568,South Waikato District Council,5,,,6,,,11,,,2,,,5 - Highly Reliable,11813,,,0,,,5 - Highly Reliable,4,,,,Data Not Available,,13,,,,Data Not Available,,4 - Reliable,100,,,20,,,40,,,0,,,1 - Very Uncertain,100,,4 - Reliable,Asset management information system,,4 - Reliable,58,,,4 - Reliable,55,,,4 - Reliable,100,,4 - Reliable,Asset management information system,,4 - Reliable,37,,,4 - Reliable,90,,,8,,,2 - Uncertain,Yes,,,100,,,2 - Uncertain,No,,,610,,,17,,,7,,,5,,,6,,,365,,,4 - Reliable,2121549,,,0,,,0,,,4 - Reliable,0,,,0,,,0,,,0,,,5 - Highly Reliable,Yes,,,5 - Highly Reliable,,Yes,,,Yes,,,15/08/2024 0:00,,,1/07/2024 0:00,,,6/05/2025 0:00,,,1/07/2024 0:00,,,5 - Highly Reliable,Yes,,,5 - Highly Reliable,90,,,0,,,No,,,5 - Highly Reliable,341000,,4058000,,5598000,,,5 - Highly Reliable,6448000,,,6052000,,,5 - Highly Reliable,4711000,,,5 - Highly Reliable
ACC-00001109,South Wairarapa District Council,4,,,4,,,11,,,1,,,4 - Reliable,0,,,0,,,4 - Reliable,0.58,,,68.51,,,1.3,,,118.3,,,4 - Reliable,,,,,,,37,,,0,,,4 - Reliable,98.99,,3 - Less Reliable,Desktop assessment,,3 - Less Reliable,0.234,,,3 - Less Reliable,39.29,,,3 - Less Reliable,33.33,,2 - Uncertain,Other (Please identify in the comments section),,2 - Uncertain,17.15,,,2 - Uncertain,365,,,100,,,4 - Reliable,Yes,,,0.9496,,,4 - Reliable,Yes,,,4122,,,484,,,10,,,5 yearly,,,10,,,365,,,4 - Reliable,0,Data Not Available,,0,Data Not Available,,0,Data Not Available,,4 - Reliable,0,,,0,,,0,,,0,,,4 - Reliable,Yes,,,4 - Reliable,,Yes,,,Yes,,,18/01/2023 0:00,,,30/11/2023 0:00,,,,Measure Not Applicable,,,Measure Not Applicable,,4 - Reliable,No,,,4 - Reliable,365,,,0,,,Yes,,,4 - Reliable,0,Data Not Available,1427000,,4853000,,,4 - Reliable,9425000,,,5402000,,,4 - Reliable,6110000,,,4 - Reliable
ACC-00001119,Southland District Council,12,,,12,,,129,,,3,,,5 - Highly Reliable,0,Measure Not Applicable,,0,Measure Not Applicable,,5 - Highly Reliable,0.97,,,2.77,,,19.95,,,25.3,,,5 - Highly Reliable,60,,,4,,,58,,,0,,,5 - Highly Reliable,,Data Not Available,2 - Uncertain,,,2 - Uncertain,,Data Not Available,,1 - Very Uncertain,40,,,4 - Reliable,0,,3 - Less Reliable,,,3 - Less Reliable,,Data Not Available,,1 - Very Uncertain,0,,,0,,,5 - Highly Reliable,Yes,,,100,,,5 - Highly Reliable,Yes,,,22,,,145,,,20,,,5,,,19,,,365,,,5 - Highly Reliable,2636846,,,,Measure Not Applicable,,2500,Measure Not Applicable,,5 - Highly Reliable,0,Measure Not Applicable,,0,Measure Not Applicable,,0,Measure Not Applicable,,0,Measure Not Applicable,,5 - Highly Reliable,Yes,,,5 - Highly Reliable,,Yes,,,No,,,19/06/2024 0:00,,,,Measure Not Applicable,,,Measure Not Applicable,,,Measure Not Applicable,,5 - Highly Reliable,Yes,,,4 - Reliable,0,,,0,Measure Not Applicable,,No,,,5 - Highly Reliable,0,,3522210,,5144437,,,5 - Highly Reliable,7005138,,,5167204,,,5 - Highly Reliable,6849765,,,5 - Highly Reliable
ACC-00008528,Stratford District Council,3,,,3,,,7,,,0,,,,0,,,0,,,,0.13,,,23.35,,,2.28,,,43.3,,,,5,,,4,,,150,,,0,,,,100,,,Asset management information system,,,23,,,,29,,,,100,,,Asset management information system,,,27,,,,84,,,100,,,,Yes,,,34,,,,Yes,,,282,,,492,,,4,,,5,,,4,,,365,,,,278021,,,0,,,0,,,,0,,,0,,,0,,,0,,,,Yes,,,,,Yes,,,Yes,,,1/12/2023 0:00,,,1/02/2022 0:00,,,,,,,,,,Yes,,,,35,,,49,,,No,,,,0,,1099821,,2560000,,,,2506000,,,2647000,,,,514000,,,
ACC-00008574,Tararua District Council,7,,,7,,,21,,,2,,,,,Measure Not Applicable,,,Measure Not Applicable,,,0.3,,,2.9,,,0.8,,,6.2,,,,8,,,6,,,745,,,0,,,,90,,,Desktop assessment,,,23,,,,50,,,,30,,,Desktop assessment,,,5,,,,273,,,76,,,,No,,,13,,,,Yes,,,522,,,125,,,6,,,5,,,6,,,365,,,,,Data Not Available,,,Measure Not Applicable,,,Measure Not Applicable,,,,Measure Not Applicable,,,Measure Not Applicable,,,Measure Not Applicable,,,Measure Not Applicable,,,Yes,,,,,Yes,,,Yes,,,30/03/2025 0:00,,,,Data Not Available,,,Data Not Available,,,Data Not Available,,,Yes,,,,273,,,127,,,No,,,,869031,,2352737,,36221769,,,,9076148,,,2489423,,,,3617283,,,
ACC-00008530,Tasman District Council,14,,,14,,,100,,,23,,,5 - Highly Reliable,0,,,375390,,,5 - Highly Reliable,1.8,,,3.5,,,19.9,,,26.4,,,4 - Reliable,46,,,26,,,188,,,104,,,4 - Reliable,98,,5 - Highly Reliable,Desktop assessment,,5 - Highly Reliable,2,,,3 - Less Reliable,31,,,4 - Reliable,82,,4 - Reliable,Asset inspections,,4 - Reliable,2,,,4 - Reliable,0,,,0,,,5 - Highly Reliable,Yes,,,17,,,5 - Highly Reliable,No,,,12312,,,1140,,,10,,,5,,,21,,,365,,,4 - Reliable,2758447,,,0,,,28570,,,5 - Highly Reliable,0,,,0,,,0,,,0,,,5 - Highly Reliable,No,Data Not Available,,4 - Reliable,,Yes,,,Yes,,,18/12/2024 0:00,,,3/04/2020 0:00,,,4/12/2024 0:00,,,3/04/2020 0:00,,,4 - Reliable,Yes,,,5 - Highly Reliable,0,,,0,,,No,,,5 - Highly Reliable,2611415,,14060758,,19992476,,,5 - Highly Reliable,20086232,,,18607731,,,5 - Highly Reliable,26510746,,,5 - Highly Reliable
ACC-00001011,Taupo District Council,18,,,15,,,72,,,30,,,,0,,,0,,,,,Data Not Available,,,Data Not Available,,,Data Not Available,,,Data Not Available,,,21,,,,,,59,,,1,,,,100,,,Asset management information system,,,16.54,,,,30.89,,,,97,,,Asset inspections,,,1,,,,41,,,72,,,,Yes,,,41,,,,No,,,1089,,,1502,,,17,,,5,,,17,,,365,,,,5026319,,,,Data Not Available,,0,,,,0,,,0,,,0,,,0,,,,Yes,,,,,Yes,,,Yes,,,18/08/2025 0:00,,,28/03/2024 0:00,,,29/04/2025 0:00,,,,Data Not Available,,,Yes,,,,41,,,0,,,No,,,,2861653,,20654234,,8917863,,,,24768800,,,10095807,,,,21462857,,,
ACC-00008507,Tauranga City Council,1,,,3,,,18,,,8,,,5 - Highly Reliable,0,,,0,,,4 - Reliable,0.533333333,,,6.666666667,,,1.6,,,17.36666667,,,5 - Highly Reliable,178,,,12,,,534,,,7,,,4 - Reliable,100,,4 - Reliable,Desktop assessment,,4 - Reliable,10.4,,,4 - Reliable,25,,,4 - Reliable,,Data Not Available,2 - Uncertain,Data Not Available,,2 - Uncertain,,Data Not Available,,2 - Uncertain,181,,,100,,,5 - Highly Reliable,No,,,0,,,4 - Reliable,Yes,,,56812,,,4137,,,3,,,5,,,3,,,365,,,3 - Less Reliable,7905017,,,704,,,0,,,4 - Reliable,0,,,0,,,0,,,0,,,4 - Reliable,Yes,,,4 - Reliable,,Yes,,,Yes,,,29/08/2025 0:00,,,3/06/2025 0:00,,,5/05/2025 0:00,,,5/05/2025 0:00,,,5 - Highly Reliable,Yes,,,5 - Highly Reliable,181,,,0,,,Yes,,,5 - Highly Reliable,4260338,,16246612,,43315679,,,5 - Highly Reliable,31529746,,,42785458,,,5 - Highly Reliable,44371204,,,5 - Highly Reliable
ACC-00001125,Thames Coromandel District Council,12,,,14,,,51,,,32,,,4 - Reliable,,Measure Not Applicable,,,Measure Not Applicable,,5 - Highly Reliable,0.5,,,0.87,,,1.36,,,7.4,,,5 - Highly Reliable,15,,,,,,205,,,4,Data Not Available,,5 - Highly Reliable,80,,4 - Reliable,Desktop assessment,,4 - Reliable,4,,,4 - Reliable,37,,,4 - Reliable,100,,4 - Reliable,Asset inspections,,4 - Reliable,4,,,4 - Reliable,71,,,100,,,4 - Reliable,Yes,,,92,,,4 - Reliable,Yes,,,9358,,,987,,,26,,,1,,,26,,,,Data Not Available,,4 - Reliable,3417543,,,,Data Not Available,,,Measure Not Applicable,,4 - Reliable,,Measure Not Applicable,,,Measure Not Applicable,,,Measure Not Applicable,,,Measure Not Applicable,,5 - Highly Reliable,Yes,,,4 - Reliable,,Yes,,,Yes,,,1/03/2025 0:00,,,1/12/2024 0:00,,,15/05/2025 0:00,,,15/05/2025 0:00,,,4 - Reliable,Yes,,,5 - Highly Reliable,22,,,49,,,No,,,5 - Highly Reliable,1101000,,10225000,,11956000,,,5 - Highly Reliable,10613000,,,12851000,,,5 - Highly Reliable,14737630,,,5 - Highly Reliable
ACC-00008504,Timaru District Council,11,,,11,,,38,,,13,,,,0,,,0,,,,0.75,,,7.6,,,3.03,,,9,,,,65,,,111,,,397,,,0,,,,94.87,,,Asset management information system,,,5.02,,,,46,,,,25,,,Asset management information system,,,3,,,,0,,,0,,,,No,Measure Not Applicable,,,Data Not Available,,,No,,,78,,,223,,,15,,,5,,,15,,,365,,,,3522338.03,,,77,,,,Data Not Available,,,0,Measure Not Applicable,,0,,,0,,,0,,,,Yes,,,,,Yes,,,Yes,,,21/08/2024 0:00,,,13/08/2025 0:00,,,15/05/2024 0:00,,,,Data Not Available,,,Yes,,,,0,Measure Not Applicable,,0,Measure Not Applicable,,No,Measure Not Applicable,,,1321731,,8302523,,12702569.98,,,,15750987,,,11876915,,,,20320680,,,
ACC-00001016,Waikato District Council,11,,,7,,,16,,,8,,,5 - Highly Reliable,1947309,,,,Measure Not Applicable,,5 - Highly Reliable,0.44,,,24,,,1.39,,,48,,,5 - Highly Reliable,,Data Not Available,,,Data Not Available,,802,,,1,,,3 - Less Reliable,100,,5 - Highly Reliable,Desktop assessment,,5 - Highly Reliable,5.5,,,5 - Highly Reliable,21,,,5 - Highly Reliable,100,,5 - Highly Reliable,Asset inspections,,5 - Highly Reliable,12,,,5 - Highly Reliable,0,,,0,,,5 - Highly Reliable,Yes,,,80,,,5 - Highly Reliable,Yes,,,18823,,,827,,,7,,,1,,,7,,,365,,,4 - Reliable,1915401,,,,Data Not Available,,,Data Not Available,,4 - Reliable,0,,,0,,,0,,,0,,,4 - Reliable,Yes,,,5 - Highly Reliable,,Yes,,,Yes,,,20/04/2023 0:00,,,26/06/2021 0:00,,,12/06/2024 0:00,,,,Data Not Available,,5 - Highly Reliable,Yes,,,5 - Highly Reliable,0,,,0,,,No,,,5 - Highly Reliable,1545025.5,,8191374.5,,8810753.082,,,5 - Highly Reliable,19110000,,,9197281.693,,,4 - Reliable,22498,,,5 - Highly Reliable
ACC-00008589,Waimakariri District Council,11,,,13,,,31,,,8,,,,,Measure Not Applicable,,,Measure Not Applicable,,,0.7,,,1.48,,,1.79,,,3.71,,,,28,,,28,,,81,,,0,,,,100,,,Renewals model,,,7,,,,22,,,,100,,,Renewals model,,,15,,,,0,,,0,,,,Yes,,,0,,,,Yes,,,6310,,,701,,,27,,,5,,,27,,,365,,,,3900900,,,15,,,0,Measure Not Applicable,,,0,Measure Not Applicable,,0,Measure Not Applicable,,0,Measure Not Applicable,,0,Measure Not Applicable,,,Yes,,,,,Yes,,,Yes,,,25/06/2025 0:00,,,10/12/2024 0:00,,,1/05/2025 0:00,,,7/11/2024 0:00,,,,Yes,,,,0,,,0,,,No,,,,5700000,,13900000,,10400000,,,,15500000,,,10700000,,,,18700000,,,
ACC-00001017,Waimate District Council,5,,,6,,,46,,,10,,,5 - Highly Reliable,208,,,0,,,5 - Highly Reliable,1.2,,,18,,,6,,,22,,,4 - Reliable,8,,,4,,,6,,,0,,,4 - Reliable,91,,3 - Less Reliable,Renewals model,,3 - Less Reliable,1,,,3 - Less Reliable,42,,,4 - Reliable,100,,3 - Less Reliable,Renewals model,,3 - Less Reliable,1,,,3 - Less Reliable,0,,,0,,,5 - Highly Reliable,No,,,0,,,5 - Highly Reliable,No,,,2006,,,106,,,9,,,5,,,9,,,365,,,5 - Highly Reliable,2674100,,,7,,,0,,,3 - Less Reliable,0,,,0,,,0,,,0,,,5 - Highly Reliable,Yes,,,5 - Highly Reliable,,Yes,,,Yes,,,1/09/2025 0:00,,,1/04/2020 0:00,,,30/06/2025 0:00,,,1/04/2020 0:00,,,3 - Less Reliable,Yes,,,5 - Highly Reliable,0,,,0,,,No,,,5 - Highly Reliable,171961,,1197191,,3180761,,,5 - Highly Reliable,8544650,,,3731506,,,5 - Highly Reliable,3421609,,,5 - Highly Reliable
ACC-00008578,Waipa District Council,4,,,6,,,16,,,12,,,5 - Highly Reliable,0,,,42700,,,5 - Highly Reliable,1,,,1,,,1,,,1,,,5 - Highly Reliable,66,,,2,,,158,,,0,,,5 - Highly Reliable,26,,5 - Highly Reliable,Asset inspections,,5 - Highly Reliable,2,,,5 - Highly Reliable,23,,,5 - Highly Reliable,98,,5 - Highly Reliable,Asset inspections,,5 - Highly Reliable,1,,,5 - Highly Reliable,66,,,100,,,5 - Highly Reliable,No,,,,Measure Not Applicable,,5 - Highly Reliable,Yes,,,14407,,,3326,,,10,,,5,,,10,,,365,,,5 - Highly Reliable,4868168,,,0,,,0,,,5 - Highly Reliable,0,,,0,,,0,,,0,,,5 - Highly Reliable,Yes,,,5 - Highly Reliable,,Yes,,,Yes,,,11/03/2025 0:00,,,,Measure Not Applicable,,11/03/2025 0:00,,,,Measure Not Applicable,,4 - Reliable,Yes,,,5 - Highly Reliable,66,,,0,,,No,,,5 - Highly Reliable,3596511,,5714773,,12287633,,,5 - Highly Reliable,28940000,,,14194000,,,5 - Highly Reliable,18580941,,,5 - Highly Reliable
ACC-00008575,Wairoa District Council,3,,,3,,,11,,,2,,,5 - Highly Reliable,0,,,,Measure Not Applicable,,4 - Reliable,0.35,,,0.2,,,0.1,,,,Data Not Available,,4 - Reliable,,,,0,,,,,,0,,,3 - Less Reliable,0,,4 - Reliable,,,4 - Reliable,35,,,4 - Reliable,48,,,4 - Reliable,60,,3 - Less Reliable,Asset inspections,,4 - Reliable,90,,,4 - Reliable,60,,,5,,,3 - Less Reliable,Yes,,,100,,,4 - Reliable,No,,,,Data Not Available,,,Data Not Available,,3,,,5,,,3,,,365,,,4 - Reliable,,Data Not Available,,,Measure Not Applicable,,,Measure Not Applicable,,4 - Reliable,0,,,0,,,,Measure Not Applicable,,,Measure Not Applicable,,4 - Reliable,Yes,,,4 - Reliable,,Yes,,,No,,,1/07/2024 0:00,,,,Measure Not Applicable,,,,,,Measure Not Applicable,,3 - Less Reliable,No,,,3 - Less Reliable,60,,,0,,,No,,,3 - Less Reliable,,,,,,,,3 - Less Reliable,3645000,,,2177000,,,3 - Less Reliable,,Data Not Available,,3 - Less Reliable
ACC-00008499,Waitaki District Council,9,,,10,,,37,,,13,,,5 - Highly Reliable,0,Measure Not Applicable,,0,Measure Not Applicable,,5 - Highly Reliable,0.5,,,4,,,3,,,6,,,4 - Reliable,165,,,0,,,229,,,2135,,,1 - Very Uncertain,0,,5 - Highly Reliable,,,5 - Highly Reliable,0,Measure Not Applicable,,5 - Highly Reliable,35,,,5 - Highly Reliable,0,Measure Not Applicable,5 - Highly Reliable,,,5 - Highly Reliable,0,Measure Not Applicable,,5 - Highly Reliable,102,,,16,,,5 - Highly Reliable,No,,,0,,,5 - Highly Reliable,Yes,,,455,,,429,,,8,,,5,,,11,,,365,,,4 - Reliable,5072951,,,,Data Not Available,,,Data Not Available,,4 - Reliable,,Data Not Available,,,Data Not Available,,0,,,0,,,3 - Less Reliable,Yes,,,5 - Highly Reliable,,Yes,,,Yes,,,1/02/2024 0:00,,,1/02/2024 0:00,,,14/08/2023 0:00,,,14/08/2023 0:00,,,5 - Highly Reliable,Yes,,,4 - Reliable,7,,,1,,,No,,,4 - Reliable,292266,,7953142,,7290776,,,3 - Less Reliable,11337000,,,7863491,,,4 - Reliable,1622480,,,4 - Reliable
ACC-00008576,Waitomo District Council,4,,,4,,,23,,,3,,,,0,,,0,,,,0.16,,,1.23,,,1.15,,,22.56,,,,25,,,5,,,2,,,0,,,,50,,,Asset management information system,,,6,,,,36,,,,30,,,Asset management information system,,,20,,,,0,,,0,,,,Yes,,,50,,,,Yes,,,419,,,400,,,5,,,1,,,5,,,365,,,,150000,,,500,,,500,,,,0,,,0,,,0,,,0,,,,Yes,,,,,Yes,,,Yes,,,21/07/2024 0:00,,,29/05/2024 0:00,,,19/03/2025 0:00,,,13/03/2024 0:00,,,,Yes,,,,0,,,0,,,No,,,,311219,,1023444,,2204898,,,,8326550,,,2467161,,,,386118,,,
ACC-00001216,Watercare,9,,,18,,,100,,,77,,,5 - Highly Reliable,0,,,9685474,,,5 - Highly Reliable,0.67,,,18.72,,,3.13,,,23.52,,,5 - Highly Reliable,43,,,154,,,3144,,,289,,,5 - Highly Reliable,100,,4 - Reliable,Renewals model,,4 - Reliable,17.97,,,4 - Reliable,40,,,5 - Highly Reliable,61,,5 - Highly Reliable,Asset inspections,,5 - Highly Reliable,1,,,5 - Highly Reliable,0,,,0,,,5 - Highly Reliable,Yes,,,59,,,5 - Highly Reliable,Yes,,,446310,,,34017,,,31,,,1,,,31,,,365,,,5 - Highly Reliable,64311989,,,1079,,,2437202,,,5 - Highly Reliable,0,,,7665000,,,0,,,0,,,5 - Highly Reliable,Yes,,,5 - Highly Reliable,,Yes,,,Yes,,,20/04/2023 0:00,,,22/08/2025 0:00,,,23/01/2025 0:00,,,11/06/2025 0:00,,,5 - Highly Reliable,Yes,,,5 - Highly Reliable,0,,,0,,,No,,,5 - Highly Reliable,121056292.6,,211453319.5,,174472574,,,5 - Highly Reliable,318404382.3,,,180088303,,,3 - Less Reliable,337026395.5,,,5 - Highly Reliable
ACC-00008546,Wellington Water Ltd.,1,,,6,,,145,,,87,,,4 - Reliable,0,,,0,,,4 - Reliable,1.06,,,50,,,3.2,,,173,,,4 - Reliable,438,,,25,,,287,,,35,,,4 - Reliable,97.78,,4 - Reliable,Asset management information system,,4 - Reliable,26.22,,,4 - Reliable,48,,,4 - Reliable,70,,4 - Reliable,Asset management information system,,4 - Reliable,17,,,4 - Reliable,197,,,100,,,4 - Reliable,Yes,,,39,,,4 - Reliable,Yes,,,1083,,,7694,,,11,,,5,,,11,,,365,,,4 - Reliable,92077,,,123,,,3244,,,4 - Reliable,0,,,0,,,0,,,0,,,4 - Reliable,Yes,,,4 - Reliable,,Yes,,,Yes,,,18/01/2023 0:00,,,30/11/2023 0:00,,,15/12/2023 0:00,,,1/12/2023 0:00,,,4 - Reliable,Yes,,,4 - Reliable,365,,,0,,,Yes,,,4 - Reliable,7957000,,125936000,,103094000,,,4 - Reliable,119759000,,,136367000,,,4 - Reliable,158775000,,,4 - Reliable
ACC-00001161,Western Bay of Plenty District Council,5,,,8,,,11,,,17,,,5 - Highly Reliable,10,,,0,,,5 - Highly Reliable,0.78,,,22.23,,,2.68,,,29.98,,,5 - Highly Reliable,71,,,5,,,218,,,5,,,4 - Reliable,22.8,,4 - Reliable,Other (Please identify in the comments section),,4 - Reliable,2,,,1 - Very Uncertain,30,,,4 - Reliable,13,,1 - Very Uncertain,Other (Please identify in the comments section),,4 - Reliable,1,,,1 - Very Uncertain,0,,,0,,,5 - Highly Reliable,Yes,,,100,,,5 - Highly Reliable,Yes,,,12833,,,5710,,,18,,,5,,,17,,,365,,,5 - Highly Reliable,5231520,,,0,Measure Not Applicable,,0,Measure Not Applicable,,4 - Reliable,0,,,0,,,0,,,0,,,5 - Highly Reliable,Yes,,,5 - Highly Reliable,,Yes,,,Yes,,,30/04/2025 0:00,,,1/11/2013 0:00,,,28/11/2024 0:00,,,1/06/2021 0:00,,,4 - Reliable,Yes,,,5 - Highly Reliable,0,,,0,,,No,,,5 - Highly Reliable,9543000,,16407000,,5057433,,,4 - Reliable,23030000,,,5086248,,,4 - Reliable,30647000,,,4 - Reliable
ACC-00008497,Westland District Council,9,,,9,,,31,,,1,,,,,Measure Not Applicable,,,Measure Not Applicable,,,0.5,,,1.25,,,5,,,22.75,,,,33,,,0,,,17,,,0,,,,100,,,Desktop assessment,,,10,,,,31,,,,100,,,Desktop assessment,,,8,,,,7,,,3,,,,No,,,100,,,,No,,,0,,,184,,,10,,,5,,,9,,,,Data Not Available,,,789230,,,,Measure Not Applicable,,,Measure Not Applicable,,,,Measure Not Applicable,,,Measure Not Applicable,,,Measure Not Applicable,,,Measure Not Applicable,,,Yes,,,,,No,,,No,,,,Measure Not Applicable,,,Measure Not Applicable,,,Measure Not Applicable,,,Measure Not Applicable,,,No,,,,7,,,0,,,No,,,,0,,2213742,,2051430,,,,1681081,,,1813300,,,,2251746,,,
ACC-00008495,Whakatane District Council,9,,,11,,,23,,,5,,,5 - Highly Reliable,,Measure Not Applicable,,,Measure Not Applicable,,5 - Highly Reliable,0.44,,,23.59,,,2.97,,,26.03,,,4 - Reliable,,Data Not Available,,,Data Not Available,,,Data Not Available,,,Data Not Available,,4 - Reliable,96.43,,4 - Reliable,Asset management information system,,4 - Reliable,10.18,,,4 - Reliable,36,,,4 - Reliable,75,,4 - Reliable,Asset management information system,,4 - Reliable,39,,,3 - Less Reliable,14,,,67,,,5 - Highly Reliable,No,,,54,,,3 - Less Reliable,Yes,,,12266,,,1325,,,11,,,5,,,11,,,365,,,3 - Less Reliable,569709,,,,Measure Not Applicable,,,Measure Not Applicable,,4 - Reliable,,Measure Not Applicable,,,Measure Not Applicable,,,Measure Not Applicable,,,Measure Not Applicable,,5 - Highly Reliable,Yes,,,5 - Highly Reliable,,Yes,,,Yes,,,1/04/2024 0:00,,,18/02/2022 0:00,,,,Measure Not Applicable,,,Measure Not Applicable,,5 - Highly Reliable,Yes,,,5 - Highly Reliable,0,,,0,,,No,,,5 - Highly Reliable,829740,,8527670,,8651841,,,4 - Reliable,10632486,,,9188000,,,4 - Reliable,10393367,,,4 - Reliable
ACC-00001151,Whanganui District Council,3,,,5,,,24,,,16,,,,0,Measure Not Applicable,,0,Measure Not Applicable,,,0.91,,,102.65,,,4.6,,,166.81,,,,119,,,2,,,74,,,3,,,,100,,,Desktop assessment,,,2,,,,42,,,,100,,,Asset inspections,,,0,,,,0,,,0,,,,Yes,,,58,,,,Yes,,,0,,,1523,,,8,,,1,,,8,,,142,,,,6500610,,,0,Measure Not Applicable,,0,Measure Not Applicable,,,0,Measure Not Applicable,,0,Measure Not Applicable,,0,Measure Not Applicable,,0,Measure Not Applicable,,,Yes,,,,,Yes,,,Yes,,,29/10/2024 0:00,,,1/07/2025 0:00,,,13/11/2024 0:00,,,,Data Not Available,,,Yes,,,,0,,,0,,,No,,,,0,,2275000,,6824000,,,5 - Highly Reliable,4951000,,,7136000,,,5 - Highly Reliable,9013000,,,5 - Highly Reliable
ACC-00001181,Whangarei District Council,3,,,7,,,47,,,23,,,5 - Highly Reliable,0,,,1100,,,5 - Highly Reliable,0.47,,,2.85,,,1.83,,,6.97,,,4 - Reliable,53,,,13,,,250,,,10,,,5 - Highly Reliable,59.6,,4 - Reliable,Asset management information system,,4 - Reliable,28.8,,,3 - Less Reliable,32,,,4 - Reliable,85,,3 - Less Reliable,Asset inspections,,4 - Reliable,2,,,3 - Less Reliable,0,,,0,,,5 - Highly Reliable,Yes,,,48,,,5 - Highly Reliable,No,,,26491,,,2435,,,10,,,5,,,10,,,365,,,5 - Highly Reliable,5032140.84,,,0,,,1623,,,4 - Reliable,0,,,0,,,0,,,0,,,5 - Highly Reliable,Yes,,,4 - Reliable,,Yes,,,Yes,,,1/06/2025 0:00,,,11/08/2025 0:00,,,17/07/2025 0:00,,,,Data Not Available,,5 - Highly Reliable,Yes,,,5 - Highly Reliable,0,,,0,,,No,,,5 - Highly Reliable,14767000,,11032000,,11817000,,,4 - Reliable,24570000,,,16085000,,,4 - Reliable,17737000,,,4 - Reliable
